date,away,home,vegasHomeLine,bbmiHomeLine,bbmiWinProb,actualAwayScore,actualHomeScore,fakeBet,fakeWin
,,,,,,,,,
2026-01-05,Washington,Indiana,-8.5,-6.2,0.754553404,80,90,100,0
2026-01-05,Oregon State,Washington State,-6.5,-1.5,0.566183833,67,81,100,0
2026-01-04,Tulsa,North Texas,4.5,3.2,0.361086716,67,72,100,200
2026-01-04,New Mexico State,Missouri State,-1.5,8.9,0.161358754,82,89,100,0
2026-01-04,Indiana State,Drake,-5.5,-1.5,0.566183833,72,74,100,200
2026-01-04,Robert Morris,Oakland,-2.5,-5.9,0.743944935,73,96,100,200
2026-01-04,Louisiana Tech,Western Kentucky,-9.5,-2.9,0.626357825,61,66,100,200
2026-01-04,Youngstown State,Northern Kentucky,-3.5,2.8,0.377858077,79,94,100,0
2026-01-05,Seattle,Saint Mary's,-12.5,-6.4,0.761492307,76,93,100,0
,,,,,,,,,
,,,,,,,,,
,,,,,,,,,
2026-01-05,Nebraska,Ohio State,-1.5,3.5,0.348679171,72,69,100,200
2026-01-06,Oregon,Rutgers,6.5,9.8,0.138101443,85,88,100,0
2026-01-06,USC,Michigan State,-10.5,-3.2,0.638913284,51,80,100,0
,,,,,,,,,
2026-01-06,Milwaukee,Green Bay,1.5,-0.8,0.535414893,76,79,100,200
2026-01-05,Columbia,Cornell,-2.5,-1.8,0.579259709,104,99,100,200
2026-01-06,Yale,Brown,8.5,12.2,0.08762031,70,53,100,200
2026-01-06,Dartmouth,Harvard,-6.5,0.6,0.473423536,76,68,100,200
2026-01-06,Texas Southern,Grambling State,-6.5,-1.7,0.574910049,67,84,100,0
2026-01-06,William & Mary,Charleston,-2.5,14.3,0.05604274,79,88,100,0
,,,,,,,,,
,,,,,,,,,
,,,,,,,,,
2026-01-07,UCLA,Wisconsin,-3.5,4.7,0.300757808,72,80,100,0
2026-01-07,Duke,Louisville,1.5,1.9,0.416400285,84,73,100,200
2026-01-07,Iowa,Minnesota,6.5,9.5,0.145585658,67,70,100,0
2026-01-07,Bowling Green,Kent State,-1.5,-1,0.544235881,93,96,100,0
2026-01-07,Georgia,Florida,-8.5,0.2,0.491135346,77,92,100,0
2026-01-07,UCF,Oklahoma State,-3.5,3.7,0.340495531,76,87,100,0
2026-01-07,Georgetown,DePaul,-2.5,-2.4,0.60513709,50,56,100,0
2026-01-07,Toledo,Northern Illinois,6.5,11.1,0.108725713,75,61,100,200
2026-01-07,TCU,Kansas,-7.5,-7.5,0.797671619,100,104,100,0
2026-01-07,Texas Tech,Houston,-6.5,-2.8,0.622141923,65,69,100,200
,,,,,,,,,
,,,,,,,,,
,,,,,,,,,
2026-01-07,Furman,Chattanooga,1.5,-3.5,0.633826412,78,67,100,0
2026-01-07,Loyola (MD),Army,-3.5,-3.5,0.615553123,84,76,100,0
2026-01-07,Holy Cross,LeHigh,-2.5,-6.5,0.750084459,58,66,100,0
2026-01-07,UNC Greensboro,Wofford,-6.5,-6.5,0.76387705,85,97,100,0
2026-01-07,Charleston Southern,Winthrop,-6.5,-11.5,0.89435244,77,81,100,183
2026-01-07,Indiana,Maryland,7.5,8.5,0.173864854,84,66,100,195
2026-01-07,Longwood,UNC Asheville,-3.5,-1.5,0.540892114,61,72,100,0
2026-01-08,American,Colgate,-5.5,-3.5,0.615781413,62,64,100,0
2026-01-08,Belmont,Northern Iowa,-1.5,0.5,0.485373783,78,65,100,0
2026-01-08,Boston University,Lafayette,-1.5,3.5,0.380697512,83,67,100,200
2026-01-08,Bucknell,Navy,-7.5,-15.5,0.952664095,55,76,100,183
2026-01-08,Duquesne,Saint Joseph's,2.5,2.5,0.414961626,90,97,100,0
2026-01-08,East Carolina,Temple,-8.5,-15.5,0.948731998,67,75,100,0
2026-01-08,VMI,East Tennessee State,-16.5,-20.5,0.98713486,67,81,100,187
2026-01-08,Florida International,Jacksonville State,-1.5,-1.5,0.53522945,64,71,100,0
2026-01-08,George Mason,Fordham,4.5,6.5,0.262328209,67,58,100,187
2026-01-08,Marshall,James Madison,-2.5,5.5,0.281383727,66,64,100,187
2026-01-08,Missouri State,Kennesaw State,-5.5,-12.5,0.914607981,80,90,100,0
2026-01-08,Missouri,Kentucky,-13.5,-8.5,0.800603202,73,68,100,195
2026-01-08,La Salle,Rhode Island,-9.5,-7.5,0.76838894,79,72,100,187
2026-01-08,Xavier,Marquette,-4.5,1.5,0.433886113,65,66,100,195
2026-01-08,The Citadel,Mercer,-15.5,-23.5,0.994312027,63,101,100,187
2026-01-08,Miami (FL),Wake Forest,-1.5,-0.5,0.508090586,81,77,100,0
,,,,,,,,,
2026-01-08,Presbyterian,Radford,-6.5,-4.5,0.652422896,61,80,100,0
2026-01-08,UConn,Providence,10.5,7.5,0.216520055,103,98,100,191
2026-01-08,Richmond,St. Bonaventure,-6.5,-0.5,0.513087794,89,80,100,195
2026-01-08,Saint Louis,VCU,-3.5,3.5,0.374134343,71,62,100,200
2026-01-08,Western Carolina,Samford,-6.5,-6.5,0.748772929,77,82,100,183
2026-01-08,Stanford,Virginia Tech,-4.5,-6.5,0.753260925,69,68,100,0
2026-01-08,Fort Wayne,Youngstown State,-5.5,-4.5,0.684610363,71,69,100,200
2026-01-08,Creighton,Villanova,-6.5,-6.5,0.73371053,76,72,100,191
2026-01-08,Florida Atlantic,UAB,-4.5,-2.5,0.601157889,76,71,100,200
2026-01-08,Rice,Wichita State,-12.5,-12.5,0.903432878,66,64,100,191
2026-01-08,Troy,Arkansas State,-3.5,1.5,0.471535283,74,86,100,0
2026-01-08,Iowa State,Baylor,4.5,3.5,0.384732984,70,60,100,0
2026-01-08,Charlotte,UTSA,4.5,10.5,0.137160315,74,58,100,0
2026-01-08,Murray State,Evansville,8.5,13.5,0.079542507,79,69,100,191
2026-01-08,Illinois State,Valparaiso,7.5,4.5,0.342907563,71,77,100,0
2026-01-08,South Florida,North Texas,4.5,-0.5,0.513271449,74,70,100,195
,,,,,,,,,
2026-01-08,Washington,Purdue,-17.5,-13.5,0.927640087,73,81,100,195
2026-01-08,Alabama,Vanderbilt,-4.5,-8.5,0.827074286,90,96,100,0
2026-01-08,Arizona State,BYU,-16.5,-15.5,0.953377041,76,104,100,0
2026-01-08,Kansas State,Arizona,-17.5,-16.5,0.957696663,76,101,100,0
2026-01-08,Arkansas,Ole Miss,4.5,6.5,0.255185593,94,87,100,187
2026-01-08,Drake,Bradley,-6.5,-5.5,0.698485913,66,93,100,0
2026-01-08,California,Virginia,-12.5,-9.5,0.83476455,60,84,100,0
2026-01-08,SMU,Clemson,-4.5,-4.5,0.65646238,70,74,100,187
2026-01-08,Utah,Colorado,-9.5,-5.5,0.726472097,73,85,100,0
2026-01-08,Davidson,Loyola (IL),1.5,12.5,0.094150149,79,64,100,187
2026-01-08,South Dakota,St. Thomas,-14.5,-13.5,0.920047916,86,99,100,195
,,,,,,,,,
,,,,,,,,,
,,,,,,,,,
2026-01-09,Central Arkansas,Bellarmine,2.5,1.5,0.43871288,78,84,100,183
2026-01-08,Umass Lowell,Bryant,-2.5,-1.5,0.55113654,77,63,100,195
2026-01-09,UC Riverside,Cal State Bakersfield,-3.5,-2.5,0.566892712,66,67,100,191
2026-01-09,Cal Poly,Cal State Northridge,-6.5,-8.5,0.813600977,90,95,100,0
,,,,,,,,,
2026-01-09,Hampton,Campbell,-7.5,-7.5,0.785236116,72,86,100,187
,,,,,,,,,
2026-01-09,Old Dominion,Coastal Carolina,-3.5,-7.5,0.77227367,70,66,100,0
2026-01-09,Stony Brook,Drexel,-5.5,-4.5,0.684844404,37,56,100,0
2026-01-09,Tennessee Tech,Eastern Illinois,1.5,-7.5,0.787998263,61,71,100,191
2026-01-09,North Alabama,Eastern Kentucky,-6.5,-13.5,0.926810967,80,88,100,195
2026-01-09,Montana State,Eastern Washington,2.5,7.5,0.227590231,68,64,100,187
2026-01-08,Chicago State,Fairleigh Dickinson,-2.5,-11.5,0.880322401,63,70,100,183
2026-01-09,Austin Peay,Florida Gulf Coast,-3.5,2.5,0.433483953,82,71,100,191
2026-01-09,Appalachian State,Georgia State,1.5,2.5,0.427534145,52,50,100,195
2026-01-09,Santa Clara,Gonzaga,-14.5,-14.5,0.94176659,77,89,100,0
2026-01-09,Montana,Idaho,-3.5,-2.5,0.57050083,79,73,100,183
2026-01-09,Rutgers,Illinois,-22.5,-21.5,0.990212338,55,81,100,0
2026-01-09,Queens University,Jacksonville,3.5,0.5,0.491401243,77,51,100,0
2026-01-09,Mercyhurst,LIU,-8.5,-3.5,0.636875123,58,60,100,187
2026-01-09,New Haven,Le Moyne,-5.5,-6.5,0.739757128,47,73,100,195
,,,,,,,,,
2026-01-09,Liberty,Louisiana Tech,5.5,2.5,0.404793999,72,56,100,0
2026-01-09,San Francisco,Loyola Marymount,-1.5,-1.5,0.539422043,82,84,100,200
2026-01-08,Northwestern,Michigan State,-12.5,-10.5,0.873222179,66,76,100,187
2026-01-09,William & Mary,Monmouth,2.5,6.5,0.264782036,70,81,100,0
2026-01-09,Tennessee-Martin,Morehead State,2.5,-1.5,0.550679298,76,68,100,0
2026-01-09,Idaho State,Northern Colorado,-3.5,-2.5,0.605846088,72,85,100,0
2026-01-09,New Hampshire,NJIT,1.5,-0.5,0.500265962,76,80,100,183
2026-01-09,Western Kentucky,New Mexico State,-3.5,-6.5,0.760559988,64,80,100,195
2026-01-09,Elon,North Carolina A&T,5.5,7.5,0.208112214,69,64,100,0
2026-01-09,West Georgia,North Florida,2.5,-1.5,0.531616253,85,73,100,0
2026-01-09,UNC Wilmington,Northeastern,4.5,9.5,0.147151165,87,78,100,195
2026-01-09,Weber State,Northern Arizona,2.5,6.5,0.255226229,78,65,100,195
2026-01-09,North Dakota,Omaha,-5.5,-5.5,0.703421475,79,90,100,195
2026-01-09,Ohio State,Oregon,-2.5,5.5,0.295661218,72,62,100,183
2026-01-09,Seattle,Oregon State,4.5,5.5,0.278048043,55,68,100,0
2026-01-09,Pacific,Portland,2.5,3.5,0.351089952,89,90,100,0
2026-01-09,Little Rock,SIU-Edwardsville,-2.5,-8.5,0.805091002,73,70,100,0
2026-01-09,Delaware,Sam Houston State,-12.5,-19.5,0.982540721,60,72,100,0
2026-01-09,Pepperdine,San Diego,-4.5,-8.5,0.81667611,63,83,100,191
2026-01-09,Denver,South Dakota State,-7.5,-8.5,0.800851512,79,87,100,200
2026-01-09,Southeast Missouri State,Southern Indiana,7.5,7.5,0.211357901,84,76,100,0
2026-01-09,Texas State,Southern Miss,-4.5,-2.5,0.608574242,70,80,100,0
2026-01-09,Lipscomb,Stetson,10.5,10.5,0.1449872,83,91,100,191
2026-01-09,Abilene Christian,Tarleton State,-4.5,-7.5,0.795320513,84,80,100,0
2026-01-08,Hofstra,Towson,-1.5,3.5,0.379988454,78,67,100,187
2026-01-09,Long Beach State,UC Irvine,-10.5,-12.5,0.904163251,64,74,100,0
2026-01-09,Cal State Fullerton,UC San Diego,-13.5,-9.5,0.831367647,88,71,100,191
2026-01-09,UC Davis,UC Santa Barbara,0,-3.5,0.630663865,93,86,100,0
2026-01-08,Maine,UMBC,-7.5,-14.5,0.939083558,62,69,100,0
2026-01-09,North Dakota State,UMKC,9.5,15.5,0.049497734,97,73,100,187
2026-01-09,Middle Tennessee,UTEP,5.5,7.5,0.216480939,80,83,100,0
2026-01-09,Southern Utah,Utah Valley,-20.5,-22.5,0.99260365,72,89,100,0
2026-01-09,Binghamton,Vermont,-19.5,-15.5,0.954587965,59,60,100,200
2026-01-09,St. Francis (PA),Wagner,-8.5,-8.5,0.815525675,71,69,100,0
2026-01-09,Tennessee State,Western Illinois,6.5,12.5,0.091023662,90,68,100,191
,,,,,,,,,
,,,,,,,,,
,,,,,,,,,
2026-01-10,New Mexico,Air Force,17.5,21.5,0.008654405,91,49,100,191
2026-01-10,Alcorn State,Alabama A&M,-8.5,-12.5,0.911798124,64,62,100,0
2026-01-11,Texas,Alabama,-12.5,-6.5,0.75890767,92,88,100,187
2026-01-10,Jackson State,Alabama State,-6.5,-9.5,0.844071541,75,64,100,0
2026-01-10,Bryant,Albany,-2.5,-14.5,0.935178491,46,71,100,195
2026-01-10,Holy Cross,American,-8.5,-15.5,0.955487458,84,73,100,0
2026-01-10,Kansas State,Arizona State,-1.5,2.5,0.400970053,84,87,100,0
2026-01-10,Texas State,Arkansas State,-11.5,-8.5,0.805353439,82,83,100,191
2026-01-10,Arkansas,Auburn,-2.5,-1.5,0.556854909,73,95,100,0
2026-01-10,Houston,Baylor,3.5,2.5,0.405438139,77,55,100,0
2026-01-10,North Alabama,Bellarmine,-4.5,-9.5,0.843472714,82,73,100,0
2026-01-10,Grambling State,Bethune-Cookman,-4.5,-4.5,0.652942249,65,74,100,200
2026-01-10,Umass Lowell,Binghamton,6.5,5.5,0.273592448,73,68,100,195
2026-01-11,Utah State,Boise State,1.5,4.5,0.310479269,93,68,100,187
2026-01-10,Army,Boston University,-7.5,-4.5,0.678262064,91,100,100,0
2026-01-10,Northern Iowa,Bradley,-5.5,-0.5,0.504240107,69,75,100,0
2026-01-10,Loyola (MD),Bucknell,-5.5,-1.5,0.557240016,67,70,100,195
2026-01-11,Cal State Northridge,Cal State Fullerton,-2.5,-4.5,0.6743495,79,86,100,191
,,,,,,,,,
2026-01-10,UC Davis,Cal Poly,1.5,7.5,0.217252424,78,84,100,0
2026-01-10,Kent State,Central Michigan,9.5,9.5,0.151867793,85,87,100,191
2026-01-10,Hampton,Charleston,-9.5,-3.5,0.622274462,70,74,100,195
2026-01-10,High Point,Charleston Southern,9.5,6.5,0.252024243,84,82,100,195
2026-01-10,Samford,Chattanooga,1.5,-10.5,0.859543717,79,88,100,183
2026-01-10,Appalachian State,Coastal Carolina,1.5,-1.5,0.540621662,62,67,100,200
2026-01-10,LeHigh,Colgate,-10.5,-11.5,0.891592559,78,77,100,0
2026-01-11,Texas Tech,Colorado,5.5,5.5,0.306209956,73,71,100,191
2026-01-10,Harvard,Columbia,-7.5,-5.5,0.725687639,79,54,100,191
2026-01-10,North Carolina Central,Coppin State,6.5,9.5,0.153085638,88,77,100,191
2026-01-10,Dartmouth,Cornell,-8.5,-7.5,0.765844416,102,91,100,187
2026-01-10,St. John's,Creighton,-1.5,1.5,0.465226831,90,73,100,183
2026-01-10,Rhode Island,Davidson,-3.5,-2.5,0.572810217,70,45,100,191
2026-01-10,Norfolk State,Delaware State,5.5,7.5,0.225756859,66,64,100,0
2026-01-10,Belmont,Drake,6.5,5.5,0.300987697,78,76,100,187
2026-01-10,William & Mary,Drexel,3.5,3.5,0.354102965,58,64,100,200
2026-01-10,SMU,Duke,-13.5,-10.5,0.857644874,75,82,100,191
2026-01-10,UNC Greensboro,East Tennessee State,-12.5,-16.5,0.966401002,60,86,100,191
2026-01-10,UT Rio Grande Valley,East Texas A&M,3.5,-1.5,0.529017365,69,77,100,200
2026-01-10,Tennessee State,Eastern Illinois,3.5,1.5,0.441375466,70,74,100,191
2026-01-10,Central Arkansas,Eastern Kentucky,2.5,-3.5,0.613853851,75,79,100,187
2026-01-10,Montana,Eastern Washington,-1.5,7.5,0.232041658,65,66,100,187
2026-01-11,Campbell,Elon,-4.5,-7.5,0.768322425,82,83,100,0
2026-01-11,Southern,Florida A&M,3.5,4.5,0.322493829,59,67,100,0
2026-01-10,Tennessee,Florida,-5.5,-5.5,0.696666748,67,91,100,195
2026-01-10,Lipscomb,Florida Gulf Coast,-1.5,3.5,0.357182538,84,77,100,187
2026-01-10,NC State,Florida State,4.5,7.5,0.217823243,113,69,100,195
2026-01-10,VMI,Furman,-12.5,-15.5,0.955359247,48,69,100,191
2026-01-10,Loyola (IL),George Washington,-14.5,-22.5,0.993027232,66,101,100,191
2026-01-10,VCU,George Mason,1.5,-2.5,0.566331788,80,86,100,191
2026-01-10,Seton Hall,Georgetown,2.5,4.5,0.311501072,76,67,100,200
2026-01-10,Marshall,Georgia State,4.5,5.5,0.271597422,73,81,100,0
2026-01-11,San Jose State,Grand Canyon,-17.5,-13.5,0.932578812,0,76,100,0
2026-01-11,UC Irvine,Hawaii,-4.5,-2.5,0.590026706,66,0,100,200
2026-01-10,Monmouth,Hofstra,-7.5,-12.5,0.902537411,64,67,100,0
2026-01-10,Montana State,Idaho,-1.5,-1.5,0.564733978,89,92,100,200
2026-01-10,Illinois-Chicago,Illinois State,-11.5,-9.5,0.853700458,63,59,100,200
2026-01-10,Nebraska,Indiana,-4.5,0.5,0.487578649,83,77,100,200
2026-01-10,Evansville,Indiana State,-7.5,-12.5,0.908065832,72,69,100,0
2026-01-10,Oklahoma State,Iowa State,-18.5,-14.5,0.942622322,71,83,100,200
2026-01-10,West Georgia,Jacksonville,-1.5,-7.5,0.769945284,43,75,100,200
2026-01-10,Old Dominion,James Madison,-7.5,-4.5,0.688270186,69,70,100,200
2026-01-10,Jacksonville State,Kennesaw State,-4.5,-10.5,0.857580288,82,88,100,200
,,,,,,,,,
2026-01-10,St. Francis (PA),LIU,-15.5,-12.5,0.908377462,63,67,100,200
2026-01-10,Saint Louis,La Salle,15.5,15.5,0.044474276,84,72,100,200
2026-01-11,Incarnate Word,Lamar,-1.5,-2.5,0.568044402,51,63,100,200
2026-01-10,Central Connecticut,Le Moyne,-1.5,2.5,0.407120383,69,59,100,200
2026-01-10,Little Rock,Lindenwood,-5.5,-12.5,0.901998313,82,74,100,0
2026-01-11,Cal State Bakersfield,Long Beach State,-6.5,-11.5,0.883160121,75,81,100,0
2026-01-10,Presbyterian,Longwood,-3.5,-6.5,0.76406955,70,77,100,200
2026-01-10,Troy,Louisiana,9.5,16.5,0.036311314,90,70,100,200
2026-01-10,Delaware,Louisiana Tech,-6.5,-13.5,0.921452424,68,70,100,0
2026-01-10,Boston College,Louisville,-20.5,-20.5,0.985779731,62,75,100,0
2026-01-10,Villanova,Marquette,4.5,7.5,0.234437379,76,73,100,0
2026-01-10,Howard,Maryland-Eastern Shore,2.5,2.5,0.420039436,57,0,100,0
2026-01-10,Ball State,Massachusetts,-11.5,-14.5,0.934637852,71,79,100,0
2026-01-10,Southeastern Louisiana,McNeese,-16.5,-25.5,0.997534871,61,73,100,0
2026-01-10,Wofford,Mercer,-5.5,-12.5,0.907793431,97,109,100,200
2026-01-10,Georgia Tech,Miami (FL),-14.5,-9.5,0.842841547,81,91,100,200
2026-01-10,Wisconsin,Michigan,-18.5,-13.5,0.929687377,91,88,100,200
2026-01-10,Florida International,Missouri State,-2.5,1.5,0.451406311,71,79,100,0
,,,,,,,,,
2026-01-10,South Carolina State,Morgan State,-3.5,-10.5,0.85892702,67,72,100,200
2026-01-10,Valparaiso,Murray State,-11.5,-10.5,0.86507369,79,92,100,0
2026-01-11,Weber State,Northern Colorado,-5.5,-2.5,0.569895704,76,71,100,200
2026-01-10,Maine,NJIT,-1.5,-7.5,0.768674585,74,70,100,0
2026-01-10,Lafayette,Navy,-7.5,-15.5,0.955305568,50,76,100,200
2026-01-11,Wyoming,Nevada,-5.5,-5.5,0.717148918,83,92,100,200
2026-01-10,Fairleigh Dickinson,New Haven,-1.5,-7.5,0.784456619,55,65,100,200
2026-01-11,Middle Tennessee,New Mexico State,-4.5,-3.5,0.615627223,59,55,100,200
2026-01-10,Nicholls State,New Orleans,-1.5,-2.5,0.585973758,90,77,100,0
2026-01-10,Wake Forest,North Carolina,-10.5,-9.5,0.830183055,84,87,100,200
2026-01-10,Queens University,North Florida,9.5,6.5,0.2479709,89,82,100,200
2026-01-10,Towson,Northeastern,1.5,2.5,0.415959406,87,78,100,200
2026-01-11,Idaho State,Northern Arizona,4.5,5.5,0.285787536,81,79,100,0
2026-01-10,Texas A&M-CC,Northwestern State,4.5,5.5,0.292907327,78,79,100,0
2026-01-10,Clemson,Notre Dame,2.5,5.5,0.283941624,76,61,100,200
2026-01-10,Buffalo,Ohio,-5.5,2.5,0.424142172,80,91,100,0
2026-01-10,Missouri,Ole Miss,-1.5,0.5,0.488213482,69,76,100,0
2026-01-10,North Dakota State,Omaha,6.5,8.5,0.1861131,78,76,100,0
2026-01-11,St. Thomas,Oral Roberts,8.5,8.5,0.180273513,82,71,100,0
2026-01-11,San Diego,Pacific,-7.5,-11.5,0.881606679,70,77,100,0
2026-01-10,Brown,Pennsylvania,-3.5,-5.5,0.704887882,73,81,100,200
2026-01-11,San Francisco,Pepperdine,8.5,8.5,0.174907511,80,60,100,0
2026-01-10,Syracuse,Pittsburgh,-1.5,2.5,0.421586284,83,72,100,200
2026-01-11,Oregon State,Portland,-1.5,-7.5,0.77348588,76,82,100,200
2026-01-10,Sacramento State,Portland State,-9.5,-14.5,0.946152945,69,96,100,200
2026-01-10,Mississippi Valley State,Prairie View A&M,-18.5,-19.5,0.982759441,69,70,100,0
2026-01-10,Yale,Princeton,7.5,10.5,0.140080986,60,76,100,0
2026-01-10,Penn State,Purdue,-21.5,-23.5,0.994946209,85,93,100,0
2026-01-10,UNC Asheville,Radford,-4.5,-4.5,0.666403423,91,72,100,0
2026-01-10,Washington State,Saint Mary's,-15.5,-19.5,0.981021145,82,88,100,0
2026-01-10,Liberty,Sam Houston State,2.5,-4.5,0.674882202,82,74,100,0
2026-01-11,Fresno State,San Diego State,-14.5,-11.5,0.880154926,52,71,100,0
2026-01-11,Loyola Marymount,Santa Clara,-10.5,-11.5,0.885959818,72,103,100,200
2026-01-10,Georgia Southern,South Alabama,-3.5,-6.5,0.732458882,71,87,100,200
2026-01-10,Georgia,South Carolina,4.5,1.5,0.445290823,75,70,100,0
,,,,,,,,,
2026-01-10,Denver,South Dakota,1.5,-3.5,0.634713331,72,82,100,200
2026-01-11,Tennessee-Martin,Southern Indiana,5.5,12.5,0.087764252,73,56,100,200
,,,,,,,,,
2026-01-10,Fordham,St. Bonaventure,-8.5,-6.5,0.73891764,81,77,100,200
2026-01-10,Houston Christian,Stephen F. Austin,-12.5,-17.5,0.970163365,67,85,100,200
2026-01-10,Austin Peay,Stetson,8.5,8.5,0.194980281,81,69,100,0
2026-01-10,Chicago State,Stonehill,-4.5,-8.5,0.808759292,82,85,100,0
2026-01-10,UNC Wilmington,Stony Brook,8.5,6.5,0.25966721,75,71,100,200
2026-01-10,Arizona,TCU,6.5,7.5,0.221043724,86,73,100,200
2026-01-10,Oklahoma,Texas A&M,-4.5,-8.5,0.823678272,76,83,100,200
2026-01-10,Arkansas-Pine Bluff,Texas Southern,1.5,-4.5,0.67924226,74,66,100,0
2026-01-10,Western Carolina,The Citadel,6.5,3.5,0.354811062,77,79,100,200
2026-01-10,South Florida,Tulsa,-2.5,-8.5,0.8019666,93,78,100,0
2026-01-11,UC San Diego,UC Riverside,10.5,9.5,0.167144437,69,66,100,200
2026-01-11,Maryland,UCLA,-11.5,-16.5,0.958559355,55,67,100,200
2026-01-10,DePaul,UConn,-19.5,-15.5,0.948587835,60,72,100,200
2026-01-10,New Hampshire,UMBC,-6.5,-7.5,0.791978023,74,75,100,0
2026-01-11,North Dakota,UMKC,-1.5,2.5,0.411703377,81,79,100,200
2026-01-10,Abilene Christian,Texas-Arlington,-2.5,-11.5,0.886300568,72,82,100,200
2026-01-10,Western Kentucky,UTEP,3.5,3.5,0.355674688,68,56,100,0
2026-01-10,Tulane,UTSA,7.5,9.5,0.168234187,85,52,100,200
2026-01-11,BYU,Utah,14.5,9.5,0.168855882,89,84,100,200
2026-01-10,Utah Tech,Utah Valley,-12.5,-16.5,0.959817344,76,92,100,200
2026-01-10,LSU,Vanderbilt,-15.5,-11.5,0.881150078,73,84,100,200
2026-01-10,Stanford,Virginia,-11.5,-12.5,0.899502404,55,70,100,200
2026-01-10,California,Virginia Tech,-6.5,-3.5,0.64774211,75,78,100,200
2026-01-10,Mercyhurst,Wagner,-2.5,1.5,0.46721733,70,69,100,200
2026-01-10,Kansas,West Virginia,3.5,1.5,0.435370257,75,86,100,200
2026-01-10,Tennessee Tech,Western Illinois,3.5,3.5,0.349193042,59,54,100,0
2026-01-10,Eastern Michigan,Western Michigan,1.5,0.5,0.482824195,62,79,100,200
2026-01-10,Providence,Xavier,2.5,-1.5,0.534276886,84,97,100,200
,,,,,,,,,
,,,,,,,,,
,,,,,,,,,
2026-01-13,Jackson State,Alabama A&M,-6.5,-11.5,0.88154698,91,100,100,191
2026-01-13,Alcorn State,Alabama State,-7.5,-11.5,0.881097086,66,81,100,191
2026-01-13,Navy,American,1.5,-2.5,0.58027905,51,65,100,183
2026-01-13,Southern,Bethune-Cookman,-3.5,-1.5,0.544459921,77,73,100,191
2026-01-13,South Carolina State,Coppin State,0,1.5,0.464920676,74,72,100,200
2026-01-13,Texas A&M-CC,East Texas A&M,4.5,1.5,0.459678208,61,50,100,0
2026-01-13,Grambling State,Florida A&M,2.5,2.5,0.428915258,84,91,,0
2026-01-13,Delaware State,Howard,-10.5,-15.5,0.951772365,58,84,100,195
2026-01-13,Houston Christian,Lamar,-7.5,-8.5,0.799326998,56,64,100,200
2026-01-13,Nicholls State,McNeese,-13.5,-20.5,0.985422257,68,94,100,187
2026-01-12,North Carolina Central,Morgan State,1.5,-1.5,0.55577535,89,78,100,0
2026-01-13,Maryland-Eastern Shore,Norfolk State,-5.5,-8.5,0.825306192,74,70,100,0
2026-01-13,UT Rio Grande Valley,Northwestern State,3.5,3.5,0.355368422,63,64,,0
2026-01-13,Arkansas-Pine Bluff,Prairie View A&M,-2.5,-9.5,0.835775925,61,73,100,195
2026-01-11,Northwestern,Rutgers,3.5,5.5,0.283678552,75,77,100,0
2026-01-13,New Orleans,Southeastern Louisiana,-1.5,3.5,0.374635787,79,76,100,187
2026-01-13,Incarnate Word,Stephen F. Austin,-8.5,-11.5,0.88788898,46,56,100,191
2026-01-13,Mississippi Valley State,Texas Southern,-13.5,-14.5,0.94550358,51,84,100,191
2026-01-11,Cincinnati,UCF,-2.5,-6.5,0.742764597,72,73,100,0
2026-01-11,Ohio State,Washington,-1.5,0.5,0.487825688,74,81,100,0
,,,,,,,,,
,,,,,,,,,
,,,,,,,,,
2026-01-14,Ball State,Akron,-20.5,-23.5,0.994904375,77,87,100,0
2026-01-14,Valparaiso,Belmont,-10.5,-8.5,0.824653114,74,78,100,200
2026-01-13,Kent State,Buffalo,2.5,2.5,0.415412169,87,81,,
2026-01-14,Boston College,Clemson,-15.5,-16.5,0.960420173,50,74,100,191
2026-01-14,Georgetown,Creighton,-8.5,-5.5,0.721037353,83,86,100,195
2026-01-14,Dayton,Duquesne,4.5,0.5,0.495777428,71,65,100,0
2026-01-14,Western Illinois,Eastern Illinois,-7.5,-13.5,0.929451366,55,57,100,0
2026-01-13,Northern Illinois,Eastern Michigan,-8.5,-12.5,0.900553373,59,77,100,195
2026-01-14,Bradley,Evansville,6.5,7.5,0.213138744,94,90,100,0
2026-01-14,Colorado State,Fresno State,4.5,3.5,0.377958141,69,79,100,195
2026-01-14,West Virginia,Houston,-13.5,-10.5,0.871906091,48,77,100,0
2026-01-14,Iowa State,Kansas,3.5,-4.5,0.668396199,63,84,100,195
2026-01-14,Virginia,Louisville,-3.5,-5.5,0.698855314,79,70,100,0
2026-01-14,George Mason,Loyola (IL),7.5,18.5,0.023414354,82,74,100,183
2026-01-14,Central Michigan,Miami (OH),-15.5,-25.5,0.997679439,61,100,100,195
2026-01-14,Indiana,Michigan State,-6.5,-8.5,0.816134939,60,81,100,187
2026-01-14,Wisconsin,Minnesota,1.5,1.5,0.443754697,78,75,,
2026-01-14,Alabama,Mississippi St.,4.5,6.5,0.266163893,97,82,100,191
2026-01-14,Oregon,Nebraska,-10.5,-14.5,0.945483243,55,90,100,191
2026-01-14,Grand Canyon,New Mexico,-7.5,-6.5,0.755831815,64,87,100,0
2026-01-14,Illinois-Chicago,Northern Iowa,-6.5,-6.5,0.732501434,69,61,,
2026-01-14,Miami (FL),Notre Dame,4.5,2.5,0.39884907,81,69,100,0
2026-01-14,Florida,Oklahoma,6.5,1.5,0.468560501,96,79,100,0
2026-01-14,Baylor,Oklahoma State,1.5,-1.5,0.558881228,94,79,100,0
2026-01-13,Villanova,Providence,2.5,1.5,0.472397523,88,82,100,0
2026-01-14,Saint Mary's,San Francisco,6.5,6.5,0.247370445,82,68,,
2026-01-14,Air Force,San Jose State,-6.5,-12.5,0.904215477,62,70,100,187
2026-01-14,UConn,Seton Hall,6.5,5.5,0.270956331,69,64,100,187
2026-01-13,Marquette,St. John's,-14.5,-16.5,0.960537307,68,92,100,183
2026-01-14,Florida State,Syracuse,-6.5,-7.5,0.784366572,86,94,100,187
2026-01-14,Texas A&M,Tennessee,-11.5,-6.5,0.764192544,82,87,100,195
2026-01-14,Ohio,Toledo,-2.5,-6.5,0.748245173,85,101,100,200
2026-01-14,Boise State,UNLV,2.5,-2.5,0.574461022,85,89,100,191
2026-01-14,Maryland,USC,-9.5,-12.5,0.914703941,71,88,100,195
2026-01-14,Massachusetts,Western Michigan,3.5,3.5,0.354185625,85,82,,0
,,,,,,,,,
,,,,,,,,,
,,,,,,,,,
2026-01-15,Arizona State,Arizona,-21.5,-19.5,0.980460814,82,89,100,187
2026-01-15,South Carolina,Arkansas,-10.5,-11.5,0.884301965,74,108,100,187
2026-01-15,TCU,BYU,-12.5,-11.5,0.883096129,70,76,100,195
2026-01-14,LeHigh,Boston University,-2.5,-5.5,0.712139008,93,91,100,0
2026-01-15,Lafayette,Bucknell,-3.5,-3.5,0.621050893,69,76,,0
2026-01-15,Duke,California,13.5,6.5,0.26035724,71,56,100,0
2026-01-15,Niagara,Canisius,-2.5,-5.5,0.708147267,59,54,100,0
2026-01-15,USC Upstate,Charleston Southern,-6.5,-8.5,0.820771994,86,81,100,0
2026-01-15,Tulsa,Charlotte,3.5,10.5,0.137174135,86,74,100,191
2026-01-15,Colorado,Cincinnati,-8.5,-4.5,0.681020313,68,77,100,0
2026-01-15,Oral Roberts,Denver,-8.5,-8.5,0.816194681,87,98,,0
2026-01-15,Manhattan,Fairfield,-6.5,-9.5,0.834375209,62,98,100,195
2026-01-15,Davidson,George Washington,-10.5,-8.5,0.825305312,84,79,100,183
2026-01-15,Radford,Gardner-Webb,13.5,13.5,0.072819252,89,80,,0
2026-01-15,Ole Miss,Georgia,-10.5,-10.5,0.863790987,97,95,,
2026-01-15,Pittsburgh,Georgia Tech,1.5,-2.5,0.592766269,89,66,100,0
2026-01-14,Army,Holy Cross,-5.5,-2.5,0.566992431,75,82,100,0
2026-01-15,Illinois State,Indiana State,6.5,4.5,0.310953084,89,94,100,191
2026-01-15,Sam Houston State,Jacksonville State,-1.5,3.5,0.348917573,77,62,100,191
2026-01-15,UCF,Kansas State,-1.5,1.5,0.45430047,82,73,100,183
2026-01-15,Florida International,Kennesaw State,-4.5,-7.5,0.774922174,86,89,100,0
2026-01-15,Kentucky,LSU,4.5,-2.5,0.605760863,75,74,100,191
2026-01-15,Middle Tennessee,Louisiana Tech,3.5,-1.5,0.535864419,58,59,100,191
2026-01-15,Colgate,Loyola (MD),10.5,7.5,0.231311876,86,80,100,183
2026-01-15,Coastal Carolina,Marshall,-8.5,-7.5,0.771752175,85,83,100,191
2026-01-15,Temple,Memphis,-7.5,-3.5,0.642345517,53,55,100,191
2026-01-15,Auburn,Missouri,1.5,-4.5,0.660370343,74,84,100,187
2026-01-15,South Dakota State,North Dakota State,-5.5,-8.5,0.804957335,65,76,100,195
2026-01-15,Illinois,Northwestern,8.5,5.5,0.305168457,79,68,100,0
2026-01-15,Loyola Marymount,Oregon State,1.5,2.5,0.390802606,70,76,100,0
2026-01-15,UCLA,Penn State,3.5,10.5,0.140158756,71,60,100,191
2026-01-15,Portland,Pepperdine,1.5,3.5,0.354676219,63,67,100,0
2026-01-15,UNC Asheville,Presbyterian,3.5,-5.5,0.705821938,70,71,100,187
2026-01-14,Iowa,Purdue,-10.5,-7.5,0.770428973,72,79,100,195
2026-01-15,Saint Peter's,Quinnipiac,-6.5,-2.5,0.607616097,74,70,100,187
2026-01-14,VCU,Rhode Island,4.5,6.5,0.25063497,84,75,100,191
2026-01-15,La Salle,Richmond,-7.5,-11.5,0.887592191,53,74,100,195
2026-01-15,Iona,Rider,7.5,12.5,0.095689401,68,72,100,0
2026-01-15,Virginia Tech,SMU,-8.5,-7.5,0.77632979,76,77,100,195
2026-01-15,St. Bonaventure,Saint Joseph's,1.5,3.5,0.364187149,64,68,100,0
2026-01-15,Fordham,Saint Louis,-18.5,-19.5,0.984181919,56,78,100,191
2026-01-15,Furman,Samford,-1.5,2.5,0.42013644,77,73,100,195
2026-01-15,Pacific,Santa Clara,-12.5,-6.5,0.764643217,69,85,100,0
2026-01-15,Sacred Heart,Siena,-8.5,-7.5,0.784547645,86,80,100,195
2026-01-15,East Carolina,South Florida,-18.5,-22.5,0.991895556,71,82,100,0
2026-01-15,Drake,Southern Illinois,-5.5,-3.5,0.62414492,76,73,100,187
2026-01-15,North Carolina,Stanford,3.5,3.5,0.383089054,90,95,,0
2026-01-15,Vanderbilt,Texas,4.5,3.5,0.384800928,64,80,100,200
2026-01-15,Louisiana,Texas State,-8.5,-14.5,0.939011198,54,59,100,0
2026-01-15,Utah,Texas Tech,-17.5,-15.5,0.954246731,74,88,100,191
2026-01-15,Southern Miss,Troy,-8.5,-12.5,0.911577516,65,91,100,183
2026-01-15,UAB,Tulane,1.5,5.5,0.296216781,82,69,100,200
2026-01-15,Rice,UTSA,6.5,6.5,0.241169847,89,73,,
2026-01-15,Nevada,Utah State,-13.5,-6.5,0.732663634,62,71,100,187
2026-01-15,Michigan,Washington,12.5,5.5,0.284584165,82,72,100,195
2026-01-14,East Tennessee State,Western Carolina,6.5,4.5,0.314177164,68,72,100,200
2026-01-15,Missouri State,Western Kentucky,-6.5,-7.5,0.778076838,72,87,100,191
2026-01-14,High Point,Winthrop,1.5,-1.5,0.559043842,75,92,100,191
2026-01-14,Chattanooga,Wofford,-5.5,-0.5,0.506305981,76,67,100,187
2026-01-15,San Diego State,Wyoming,2.5,1.5,0.438892478,74,57,100,0
2026-01-14,Butler,Xavier,1.5,2.5,0.431484174,75,89,100,0
,,,,,,,,,
,,,,,,,,,
,,,,,,,,,
2026-01-16,California Baptist,Abilene Christian,-2.5,2.5,0.400056833,74,58,100,195
2026-01-15,Binghamton,Albany,-7.5,-16.5,0.961532662,53,69,100,187
2026-01-15,James Madison,Appalachian State,-1.5,-7.5,0.78826865,65,80,100,187
2026-01-16,Eastern Illinois,Little Rock,-5.5,-1.5,0.538627979,63,74,100,0
2026-01-16,Eastern Kentucky,Austin Peay,-7.5,-13.5,0.925928538,72,74,100,0
2026-01-15,UMBC,Bryant,-1.5,5.5,0.288300808,74,79,100,0
2026-01-16,UC Santa Barbara,Cal State Bakersfield,6.5,10.5,0.142225103,75,69,100,0
2026-01-16,Hawaii,Cal Poly,4.5,11.5,0.116788509,86,66,100,200
2026-01-16,Jacksonville,Central Arkansas,-9.5,-12.5,0.911456362,60,62,100,0
2026-01-16,Green Bay,Cleveland State,4.5,4.5,0.337073025,88,73,,
2026-01-16,UTEP,Delaware,-2.5,0.5,0.485960131,70,69,100,200
2026-01-16,Wichita State,Florida Atlantic,-4.5,-5.5,0.698905973,67,85,100,183
2026-01-16,Queens University,Florida Gulf Coast,-1.5,0.5,0.494610011,85,74,100,195
2026-01-16,Old Dominion,Georgia Southern,-6.5,-6.5,0.739008255,84,87,,
2026-01-15,Robert Morris,IU Indy,5.5,5.5,0.27119594,93,96,,0
2026-01-16,Idaho,Idaho State,-2.5,0.5,0.498401011,68,76,100,0
2026-01-15,New Mexico State,Liberty,-9.5,-5.5,0.728296382,71,73,100,191
2026-01-16,Bellarmine,Lipscomb,-10.5,-15.5,0.948143249,71,81,100,0
2026-01-16,UC Riverside,Long Beach State,-4.5,-8.5,0.821874774,73,88,100,183
2026-01-16,Oakland,Milwaukee,3.5,3.5,0.356552613,73,60,,
2026-01-16,Drexel,Monmouth,-5.5,-1.5,0.529245285,73,51,100,191
2026-01-16,North Florida,North Alabama,-9.5,-1.5,0.532738492,105,91,100,191
2026-01-16,St. Thomas,North Dakota,9.5,7.5,0.22915761,91,80,100,0
2026-01-16,Elon,Northeastern,3.5,7.5,0.23136023,78,85,100,0
2026-01-16,Detroit-Mercy,Northern Kentucky,-9.5,-12.5,0.900169194,71,96,100,191
2026-01-16,Northern Colorado,Portland State,-3.5,-6.5,0.738009948,73,76,100,0
2026-01-16,Lindenwood,Southeast Missouri State,-6.5,1.5,0.446396184,88,76,100,191
2026-01-16,Northern Arizona,Sacramento State,-2.5,-9.5,0.832203137,69,83,100,191
2026-01-16,San Diego,Seattle,-9.5,-9.5,0.843761481,64,75,,0
2026-01-16,Arkansas State,South Alabama,3.5,-1.5,0.550907927,87,91,100,183
2026-01-16,UMKC,South Dakota,-7.5,-13.5,0.921827815,83,99,100,187
2026-01-16,Tarleton State,Southern Utah,5.5,1.5,0.469002412,105,106,100,195
2026-01-16,West Georgia,Stetson,3.5,-0.5,0.521744874,86,95,100,191
2026-01-16,Hofstra,Stony Brook,7.5,6.5,0.267974815,71,76,100,191
2026-01-16,SIU-Edwardsville,Tennessee-Martin,-8.5,-6.5,0.764904372,59,65,100,191
2026-01-16,Morehead State,Tennessee State,-8.5,-5.5,0.729378142,100,105,100,187
2026-01-16,Southern Indiana,Tennessee Tech,-5.5,-8.5,0.818962225,71,54,100,0
2026-01-16,Charleston,Towson,-1.5,-4.5,0.670401545,52,61,100,195
2026-01-16,Cal State Fullerton,UC Davis,-3.5,-7.5,0.797047992,69,74,100,195
2026-01-16,Cal State Northridge,UC San Diego,-7.5,-8.5,0.816053812,84,79,100,0
2026-01-15,NJIT,Umass Lowell,-7.5,-8.5,0.825346243,73,64,100,0
2026-01-16,The Citadel,UNC Greensboro,-8.5,-11.5,0.893573296,66,69,100,0
2026-01-16,Texas-Arlington,Utah Tech,-1.5,0.5,0.491377608,56,52,100,191
2026-01-15,Mercer,VMI,9.5,8.5,0.187510629,77,67,100,0
2026-01-16,Maine,Vermont,-12.5,-14.5,0.94340314,62,67,100,0
2026-01-16,Gonzaga,Washington State,17.5,16.5,0.04184691,86,65,100,0
2026-01-16,Eastern Washington,Weber State,-4.5,-14.5,0.944592589,80,91,100,187
2026-01-16,North Carolina A&T,William & Mary,-13.5,-17.5,0.968645952,89,97,100,0
2026-01-16,Youngstown State,Wright State,-6.5,-10.5,0.865232348,83,93,100,195
,,,,,,,,,
,,,,,,,,,
,,,,,,,,,
2026-01-17,Nevada,Air Force,-8.5,20.5,0.013776504,81,66,100,191
2026-01-17,Western Michigan,Akron,-3.5,-17.5,0.968480494,89,104,100,191
2026-01-17,Texas Southern,Alcorn State,-2.5,-1.5,0.561206813,72,71,100,187
2026-01-17,Old Dominion,Appalachian State,-3.5,-10.5,0.868989739,75,73,100,0
2026-01-17,Western Illinois,Little Rock,-2.5,-11.5,0.895820194,79,86,100,200
2026-01-17,Florida A&M,Arkansas-Pine Bluff,4.5,-8.5,0.800739796,71,67,100,195
2026-01-17,South Carolina,Auburn,2.5,-8.5,0.800000277,67,71,100,200
2026-01-17,Syracuse,Boston College,-2.5,4.5,0.315715284,73,81,100,0
2026-01-17,Eastern Michigan,Bowling Green,-10.5,-12.5,0.900716411,79,85,100,0
2026-01-17,Columbia,Brown,1.5,1.5,0.435477937,80,86,,0
2026-01-17,UC San Diego,Cal State Bakersfield,-1.5,11.5,0.107212973,83,62,100,183
2026-01-18,Long Beach State,Cal State Northridge,-1.5,-5.5,0.723089586,87,80,100,0
2026-01-17,North Carolina,California,-15.5,0.5,0.497721609,78,84,100,191
2026-01-17,Mount St. Mary's,Canisius,-9.5,-0.5,0.514014274,78,68,100,187
2026-01-17,North Florida,Central Arkansas,1.5,-18.5,0.974623099,69,98,100,195
2026-01-17,Le Moyne,Chicago State,-3.5,8.5,0.19493944,72,57,100,191
2026-01-17,Iowa State,Cincinnati,-3.5,4.5,0.312200019,70,79,100,0
2026-01-17,Miami (FL),Clemson,-8.5,-6.5,0.738098447,59,69,100,0
2026-01-17,Youngstown State,Cleveland State,-14.5,3.5,0.384999671,78,80,100,187
2026-01-17,Bucknell,Colgate,5.5,-14.5,0.941670565,76,95,100,200
2026-01-17,Pennsylvania,Dartmouth,-17.5,-1.5,0.543090291,84,74,100,195
2026-01-17,New Mexico State,Delaware,-5.5,13.5,0.076428692,97,68,100,191
2026-01-17,Morgan State,Delaware State,-6.5,-0.5,0.502728547,80,79,100,200
2026-01-18,Bellarmine,Eastern Kentucky,-8.5,-8.5,0.825534976,69,89,,0
2026-01-18,LIU,Fairleigh Dickinson,4.5,2.5,0.405656184,66,59,100,0
2026-01-17,West Georgia,Florida Gulf Coast,-7.5,-7.5,0.772381019,72,90,,0
2026-01-17,Sam Houston State,Florida International,-5.5,1.5,0.474234446,76,63,100,191
2026-01-17,Wake Forest,Florida State,9.5,3.5,0.378377976,69,68,100,191
2026-01-17,Duquesne,Fordham,6.5,1.5,0.439520856,74,63,100,0
2026-01-18,Wyoming,Fresno State,-3.5,0.5,0.481317241,60,63,100,191
2026-01-17,Wofford,Furman,1.5,-6.5,0.752478876,74,70,100,0
2026-01-17,Presbyterian,Gardner-Webb,5.5,12.5,0.089610805,92,55,100,195
2026-01-17,UConn,Georgetown,-5.5,11.5,0.109290313,64,62,100,191
2026-01-17,Arkansas,Georgia,-5.5,-4.5,0.658069449,76,90,100,0
2026-01-17,Coastal Carolina,Georgia Southern,-1.5,-2.5,0.600656394,79,75,100,0
2026-01-17,Southern,Grambling State,-9.5,-3.5,0.612507446,71,53,100,200
2026-01-17,Utah State,Grand Canyon,-1.5,4.5,0.332898395,74,84,100,0
2026-01-17,Princeton,Harvard,-2.5,-7.5,0.776731191,80,87,100,200
2026-01-18,USC Upstate,High Point,-7.5,-21.5,0.990966014,69,89,100,200
,,,,,,,,,
,,,,,,,,,
,,,,,,,,,
2026-01-18,Arizona State,Houston,-18.5,-14.5,0.944917018,73,103,100,0
2026-01-18,UTSA,Memphis,-20.5,-22.5,0.991736086,69,95,100,191
2026-01-19,Washington State,San Francisco,-5.5,-8.5,0.802575482,80,85,100,0
2026-01-18,North Texas,Tulane,7.5,6.5,0.260789663,71,63,100,0
,,,,,,,,,
,,,,,,,,,
,,,,,,,,,
2026-01-19,Alabama A&M,Alabama State,-1.5,-1.5,0.54895525,73,69,,
2026-01-19,Vermont,Albany,4.5,-1.5,0.555195903,68,75,100,195
2026-01-19,Prairie View A&M,Alcorn State,2.5,3.5,0.367759746,75,76,100,0
2026-01-19,Bethune-Cookman,Arkansas-Pine Bluff,3.5,-4.5,0.680917745,87,82,100,0
2026-01-19,UMBC,Binghamton,5.5,12.5,0.098721168,78,60,100,191
2026-01-19,Cornell,Brown,1.5,-0.5,0.506382804,89,67,100,0
2026-01-20,New Haven,Chicago State,-1.5,5.5,0.284198192,62,56,100,195
2026-01-19,Princeton,Dartmouth,-1.5,-7.5,0.782722897,69,71,100,191
2026-01-19,Wagner,Fairleigh Dickinson,-2.5,-2.5,0.601976614,61,68,,0
2026-01-19,George Washington,George Mason,-1.5,-2.5,0.58681279,64,69,100,183
2026-01-20,North Carolina A&T,Hampton,-6.5,-9.5,0.831905732,61,82,100,200
2026-01-19,Pennsylvania,Harvard,-4.5,-1.5,0.535061662,63,64,100,183
2026-01-20,Northwestern State,Houston Christian,-3.5,-2.5,0.576568375,80,82,100,195
2026-01-19,East Texas A&M,Incarnate Word,-6.5,-9.5,0.849743366,80,58,100,0
2026-01-20,Texas Southern,Jackson State,-2.5,1.5,0.47012209,89,94,100,0
2026-01-19,LIU,Le Moyne,1.5,-1.5,0.526389438,77,83,100,180
2026-01-20,Loyola (MD),LeHigh,-5.5,-6.5,0.744773771,81,88,100,191
2026-01-19,New Hampshire,Maine,-2.5,4.5,0.329188322,65,48,100,191
2026-01-19,Merrimack,Marist,-6.5,-9.5,0.84431596,68,55,100,0
2026-01-19,Providence,Marquette,1.5,3.5,0.388648042,104,105,100,0
2026-01-19,Central Connecticut,Mercyhurst,-1.5,-1.5,0.543914271,61,79,,0
2026-01-20,Florida A&M,Mississippi Valley State,11.5,8.5,0.173682068,62,48,100,0
2026-01-19,Northeastern,Monmouth,-3.5,-6.5,0.737001483,68,81,100,183
2026-01-20,Montana State,Northern Colorado,-1.5,-1.5,0.527911031,73,68,,
2026-01-19,Bryant,NJIT,-1.5,-5.5,0.721838256,55,79,100,183
2026-01-20,Lamar,New Orleans,-1.5,2.5,0.410704415,76,89,100,0
2026-01-19,Mount St. Mary's,Niagara,3.5,2.5,0.407078495,68,58,100,0
2026-01-20,Stephen F. Austin,Nicholls State,2.5,6.5,0.245596465,79,62,100,187
2026-01-20,Montana,Northern Arizona,5.5,7.5,0.226761214,98,72,100,183
2026-01-19,Manhattan,Quinnipiac,-12.5,-13.5,0.931560065,92,98,100,0
2026-01-19,Sacred Heart,Rider,3.5,8.5,0.182309181,105,85,100,200
2026-01-19,Iona,Saint Peter's,-3.5,-5.5,0.721390684,63,77,100,191
2026-01-19,Fairfield,Siena,-6.5,-5.5,0.723595293,77,85,100,0
2026-01-19,Stonehill,St. Francis (PA),1.5,-2.5,0.585428176,61,63,100,187
2026-01-19,McNeese,Texas A&M-CC,8.5,1.5,0.45553945,69,53,100,0
2026-01-19,Drexel,Towson,-5.5,-5.5,0.700586776,58,59,,
2026-01-20,Southeastern Louisiana,UT Rio Grande Valley,-5.5,-14.5,0.943579918,65,68,100,0
2026-01-19,Saint Joseph's,VCU,-14.5,-11.5,0.896543444,72,79,100,191
2026-01-19,Columbia,Yale,-8.5,-8.5,0.810582383,74,91,,0
,,,,,,,,,
,,,,,,,,,
,,,,,,,,,
2026-01-22,Colgate,American,0,-4.5,0.663352312,66,70,100,200
2026-01-22,West Virginia,Arizona State,-1.5,3.5,0.354188381,75,63,100,191
2026-01-22,Cincinnati,Arizona,-14.5,-16.5,0.960442951,51,77,100,200
2026-01-21,Vanderbilt,Arkansas,-1.5,-4.5,0.666472225,68,93,100,200
2026-01-21,Texas Tech,Baylor,1.5,0.5,0.48645357,92,73,100,0
2026-01-22,Pittsburgh,Boston College,1.5,2.5,0.428566315,62,65,100,0
2026-01-21,Lafayette,Boston University,-4.5,-8.5,0.821457383,73,77,100,0
2026-01-22,Indiana State,Bradley,-7.5,-7.5,0.78692124,68,75,,
2026-01-22,Army,Bucknell,-6.5,1.5,0.440442698,87,84,100,200
2026-01-21,DePaul,Butler,-3.5,-6.5,0.755210247,80,87,100,191
2026-01-09,Utah Tech,California Baptist,-7.5,-5.5,0.703252355,136,157,100,0
2026-01-21,Ball State,Central Michigan,10.5,-5.5,0.703171623,68,67,100,187
2026-01-22,East Tennessee State,Chattanooga,4.5,0.5,0.481001773,67,66,100,195
2026-01-21,NC State,Clemson,4.5,-3.5,0.647608465,80,76,100,191
2026-01-21,Kansas,Colorado,4.5,6.5,0.263766048,75,69,100,183
2026-01-21,Air Force,Colorado State,-19.5,-24.5,0.995919517,52,81,100,191
2026-01-22,Xavier,Creighton,-7.5,-5.5,0.707074841,93,94,100,183
2026-01-22,Fordham,Davidson,-5.5,-2.5,0.594740118,63,68,100,191
2026-01-22,Fort Wayne,Detroit-Mercy,2.5,2.5,0.415091579,83,76,,
2026-01-22,Murray State,Drake,4.5,3.5,0.361350687,90,101,100,191
2026-01-21,Saint Louis,Duquesne,3.5,9.5,0.159936731,81,77,100,177
2026-01-22,Tulane,Florida Atlantic,-10.5,-11.5,0.892498105,74,79,100,0
2026-01-21,LSU,Florida,-15.5,-8.5,0.810580531,61,79,100,0
2026-01-22,San Diego State,Grand Canyon,1.5,3.5,0.370611231,69,70,100,0
2026-01-22,Maryland,Illinois,-18.5,-22.5,0.992566232,70,89,100,183
2026-01-22,Northern Iowa,Illinois State,0,-7.5,0.774199365,54,59,100,200
2026-01-21,Rutgers,Iowa,-17.5,-18.5,0.978164638,62,68,100,0
2026-01-21,UCF,Iowa State,-16.5,-11.5,0.897461512,57,87,100,0
2026-01-21,Utah,Kansas State,-9.5,-6.5,0.758090789,78,81,100,191
2026-01-21,Miami (OH),Kent State,6.5,3.5,0.36301285,107,101,100,191
2026-01-22,Texas,Kentucky,-6.5,-7.5,0.78722931,80,85,100,0
2026-01-21,Dayton,La Salle,10.5,6.5,0.236737328,64,67,100,191
2026-01-22,Gardner-Webb,Longwood,-14.5,-20.5,0.985344443,56,91,100,191
2026-01-20,Toledo,Massachusetts,-1.5,-2.5,0.606781695,82,84,100,200
2026-01-22,Western Carolina,Mercer,-9.5,-17.5,0.969827653,76,88,100,183
2026-01-21,Florida State,Miami (FL),-9.5,-12.5,0.90941853,65,63,100,0
2026-01-21,Indiana,Michigan,-18.5,-13.5,0.930800283,72,86,100,191
2026-01-21,Georgia,Missouri,-1.5,-1.5,0.564804937,74,72,,
2026-01-22,Holy Cross,Navy,-9.5,-14.5,0.939547464,68,85,100,191
2026-01-22,Washington,Nebraska,-11.5,-11.5,0.88751093,66,76,,
2026-01-21,San Jose State,Nevada,-17.5,-17.5,0.968361281,54,87,,0
2026-01-22,Fresno State,New Mexico,-13.5,-10.5,0.868799669,74,83,100,187
2026-01-22,Notre Dame,North Carolina,-11.5,-11.5,0.89527272,69,91,,0
2026-01-22,UTSA,North Texas,-16.5,-22.5,0.992208997,62,81,100,187
2026-01-22,IU Indy,Oakland,-15.5,-17.5,0.970886652,103,85,100,0
2026-01-21,Northern Illinois,Ohio,-14.5,-10.5,0.870176402,77,80,100,183
2026-01-20,Minnesota,Ohio State,-10.5,-8.5,0.802246208,74,82,100,177
2026-01-22,Troy,Old Dominion,5.5,8.5,0.175200668,83,77,100,200
2026-01-21,Auburn,Ole Miss,3.5,0.5,0.485094621,78,66,100,0
2026-01-22,South Dakota,Omaha,-5.5,-2.5,0.597090073,68,64,100,195
2026-01-21,Michigan State,Oregon,10.5,9.5,0.170303882,68,52,100,0
2026-01-22,Charleston Southern,Presbyterian,1.5,-1.5,0.524177828,83,87,100,183
2026-01-22,North Alabama,Queens University,-12.5,-15.5,0.953044873,62,87,100,191
2026-01-22,Temple,Rice,1.5,1.5,0.434474376,69,65,,
2026-01-22,Rhode Island,Richmond,-2.5,-5.5,0.718622938,69,68,100,0
2026-01-21,Tennessee-Martin,Southeast Missouri State,-2.5,2.5,0.404263291,50,66,100,0
2026-01-22,Oregon State,Saint Mary's,-18.5,-21.5,0.991049672,51,81,100,195
2026-01-22,Kennesaw State,Sam Houston State,-6.5,-9.5,0.828359304,87,93,100,0
2026-01-22,Washington State,San Diego,2.5,-4.5,0.655852653,92,96,100,200
2026-01-22,Loyola Marymount,Seattle,-4.5,-6.5,0.753150716,59,69,100,195
2026-01-21,Oklahoma,South Carolina,-4.5,-2.5,0.609113603,76,85,100,0
2026-01-21,UNC Asheville,USC Upstate,0,-5.5,0.722419573,83,69,100,0
2026-01-22,Utah Valley,Southern Utah,11.5,8.5,0.180288371,70,84,100,191
2026-01-21,Loyola (IL),St. Bonaventure,4.5,-17.5,0.973629427,70,84,100,191
2026-01-21,Seton Hall,St. John's,-7.5,-6.5,0.747840992,60,65,100,187
2026-01-22,Virginia Tech,Syracuse,-3.5,-0.5,0.510496767,76,74,100,200
2026-01-21,Oklahoma State,TCU,-8.5,-3.5,0.65028223,65,68,100,191
2026-01-22,Mississippi St.,Texas A&M,-7.5,-12.5,0.903208401,68,88,100,191
2026-01-22,Furman,The Citadel,10.5,11.5,0.106650184,75,77,100,0
2026-01-22,Memphis,Tulsa,-5.5,-9.5,0.853498246,66,83,100,191
2026-01-21,Purdue,UCLA,5.5,3.5,0.377784876,67,69,100,187
2026-01-21,Evansville,Illinois-Chicago,-8.5,-15.5,0.948307343,49,76,100,183
2026-01-22,Northwestern,USC,-6.5,-3.5,0.629834412,74,68,100,191
2026-01-22,Tarleton State,Texas-Arlington,-3.5,-8.5,0.801984466,133,134,100,0
2026-01-21,UNLV,Utah State,-16.5,-11.5,0.881229533,86,76,100,191
2026-01-21,UNC Greensboro,VMI,1.5,-3.5,0.610024089,85,78,100,0
2026-01-22,Southern Illinois,Valparaiso,-1.5,-4.5,0.654583888,63,69,100,191
2026-01-22,Georgetown,Villanova,-9.5,-9.5,0.836091032,51,66,,0
2026-01-21,SMU,Wake Forest,1.5,2.5,0.415123347,91,79,100,180
2026-01-22,Liberty,Western Kentucky,1.5,4.5,0.33302531,76,69,100,183
2026-01-21,Bowling Green,Western Michigan,5.5,7.5,0.203633948,72,54,100,187
2026-01-22,East Carolina,Wichita State,-13.5,-19.5,0.982821295,60,77,100,191
2026-01-21,Radford,Winthrop,-10.5,-14.5,0.943003912,75,76,100,0
2026-01-21,Samford,Wofford,-4.5,-5.5,0.69739348,78,88,100,191
2026-01-22,Cleveland State,Wright State,-16.5,-16.5,0.962283471,85,79,,
2026-01-21,Boise State,Wyoming,1.5,-4.5,0.656730213,81,65,100,0
,,,,,,,,,
,,,,,,,,,
,,,,,,,,,
2026-01-22,Louisiana,Appalachian State,-8.5,-16.5,0.966450181,0,0,100,0
2026-01-22,Florida Gulf Coast,Austin Peay,-3.5,-9.5,0.839864223,0,0,100,0
2026-01-23,Long Beach State,Cal State Fullerton,-2.5,-5.5,0.710590668,0,0,100,0
2026-01-23,Campbell,Charleston,-3.5,-3.5,0.617620621,0,0,,0
2026-01-23,Texas State,Coastal Carolina,-2.5,-2.5,0.594024981,0,0,,0
2026-01-23,North Dakota State,Denver,4.5,7.5,0.232403904,0,0,100,0
2026-01-23,Portland State,Eastern Washington,2.5,9.5,0.167309775,0,0,100,0
2026-01-23,Towson,Elon,-2.5,-5.5,0.69921125,0,0,100,0
2026-01-23,Niagara,Fairfield,-10.5,-10.5,0.858100055,0,0,,0
2026-01-23,Arkansas State,Georgia Southern,1.5,2.5,0.412114481,0,0,100,0
2026-01-23,Southern Miss,Georgia State,-1.5,1.5,0.468706327,0,0,100,0
2026-01-23,Monmouth,Hampton,-1.5,-3.5,0.617076804,0,0,100,0
2026-01-23,Cal State Bakersfield,Hawaii,-15.5,-17.5,0.973523411,0,0,100,0
2026-01-23,Sacramento State,Idaho,-9.5,-11.5,0.891424308,0,0,100,0
2026-01-23,Merrimack,Iona,1.5,-2.5,0.592455754,0,0,100,0
2026-01-23,Bellarmine,Jacksonville,-3.5,-8.5,0.803188832,0,0,100,0
2026-01-23,South Alabama,James Madison,-3.5,3.5,0.380199061,0,0,100,0
2026-01-23,Tennessee Tech,Lindenwood,-8.5,-15.5,0.948331729,0,0,100,0
2026-01-22,Stetson,Lipscomb,-14.5,-18.5,0.97967423,0,0,100,0
2026-01-22,Albany,Maine,5.5,5.5,0.276843456,0,0,,0
2026-01-22,Louisiana Monroe,Marshall,-17.5,-17.5,0.968333883,0,0,,0
2026-01-23,Weber State,Montana,-5.5,-3.5,0.618299685,0,0,100,0
2026-01-23,Idaho State,Montana State,-6.5,-7.5,0.773661041,0,0,100,0
2026-01-23,Western Illinois,Morehead State,-8.5,-17.5,0.971096295,0,0,100,0
2026-01-23,Quinnipiac,Mount St. Mary's,4.5,5.5,0.284564975,0,0,100,0
2026-01-22,Binghamton,New Hampshire,-7.5,-12.5,0.916903367,0,0,100,0
2026-01-23,Missouri State,New Mexico State,-5.5,-10.5,0.877042208,0,0,100,0
2026-01-23,Hofstra,North Carolina A&T,9.5,10.5,0.135247743,0,0,100,0
2026-01-23,Eastern Kentucky,North Florida,6.5,-0.5,0.51389811,0,0,100,0
2026-01-23,Stony Brook,Northeastern,-3.5,0.5,0.484765376,0,0,100,0
2026-01-23,North Dakota,Oral Roberts,1.5,-4.5,0.684034279,0,0,100,0
2026-01-23,Wisconsin,Penn State,5.5,8.5,0.183491336,0,0,100,0
2026-01-23,Milwaukee,Robert Morris,-5.5,-9.5,0.837562404,0,0,100,0
2026-01-23,Little Rock,Southeast Missouri State,-5.5,-5.5,0.698245704,0,0,,0
2026-01-23,Tennessee State,SIU-Edwardsville,-1.5,-2.5,0.598256319,0,0,100,0
2026-01-23,Canisius,Sacred Heart,-9.5,-8.5,0.816383017,0,0,100,0
2026-01-23,Marist,Siena,-1.5,4.5,0.327686266,0,0,100,0
2026-01-23,Eastern Illinois,Southern Indiana,-2.5,7.5,0.227838182,0,0,100,0
2026-01-23,South Dakota State,St. Thomas,-7.5,-7.5,0.789883235,0,0,,0
2026-01-23,South Florida,UAB,2.5,-1.5,0.544055593,0,0,100,0
2026-01-23,UC San Diego,UC Davis,2.5,0.5,0.484015962,0,0,100,0
2026-01-23,UC Irvine,UC Riverside,9.5,9.5,0.159905963,0,0,,0
2026-01-23,Cal Poly,UC Santa Barbara,-8.5,-11.5,0.893954136,0,0,100,0
2026-01-22,NJIT,UMBC,-6.5,-10.5,0.856026708,0,0,100,0
2026-01-22,Vermont,Umass Lowell,4.5,1.5,0.459193135,0,0,100,0
2026-01-23,Florida International,UTEP,1.5,5.5,0.297239881,0,0,100,0
2026-01-22,Central Arkansas,West Georgia,3.5,4.5,0.34679052,0,0,100,0
2026-01-23,UNC Wilmington,William & Mary,-1.5,-3.5,0.627102483,0,0,100,0
2026-01-22,Green Bay,Youngstown State,-6.5,-5.5,0.722943469,0,0,100,0
,,,,,,,,,
,,,,,,,,,
,,,,,,,,,
2026-01-22,Louisiana,Appalachian State,-8.5,-16.5,0.966450181,0,0,100,0
2026-01-22,Florida Gulf Coast,Austin Peay,-3.5,-9.5,0.839864223,0,0,100,0
